Workbook

Sheet Данные
A1: № | B1: Сценарий | C1: Сложность | D1: Сфера права | E1: NeuroLawyer | F1: GPT-4o | G1: Claude 3.5 | H1: GigaChat | I1: ConsLegal | J1: NeuroLawyer галлюц. | K1: GPT-4o галлюц. | L1: Claude 3.5 галлюц. | M1: GigaChat галлюц. | N1: ConsLegal галлюц.
A2: 1.1 | B2: Анализ и правка договора | C2: Простая | D2: Обязательственное | E2: 1.5 | F2: 2 | G2: 2 | H2: 1.5 | I2: 2 | J2: 0 | K2: 0 | L2: 0 | M2: 0 | N2: 0
A3: 1.2 | B3: Анализ и правка договора | C3: Простая | D3: ЗПП | E3: 1.5 | F3: 2 | G3: 2 | H3: 2 | I3: 2 | J3: 0 | K3: 0 | L3: 0 | M3: 0 | N3: 0
A4: 1.3 | B4: Анализ и правка договора | C4: Простая | D4: Обязательственное | E4: 1.5 | F4: 2 | G4: 2 | H4: 2 | I4: 2 | J4: 0 | K4: 0 | L4: 0 | M4: 0 | N4: 0
A5: 1.4 | B5: Анализ и правка договора | C5: Средняя | D5: Трудовое | E5: 2.25 | F5: 2.25 | G5: 3 | H5: 2.25 | I5: 3 | J5: 0 | K5: 0 | L5: 0 | M5: 0 | N5: 0
A6: 1.5 | B6: Анализ и правка договора | C6: Средняя | D6: Рекламное | E6: 3 | F6: 3 | G6: 3 | H6: 1.5 | I6: 2.25 | J6: 0 | K6: 0 | L6: 0 | M6: 0 | N6: 0
A7: 1.6 | B7: Анализ и правка договора | C7: Средняя | D7: Информационное | E7: 2.25 | F7: 3 | G7: 3 | H7: 2.25 | I7: 1.5 | J7: 0 | K7: 0 | L7: 0 | M7: 0 | N7: 0
A8: 1.7 | B8: Анализ и правка договора | C8: Средняя | D8: ИС | E8: 1.5 | F8: 3 | G8: 0 | H8: -1.5 | I8: 0 | J8: 0 | K8: 0 | L8: 0 | M8: 1 | N8: 0
A9: 1.8 | B9: Анализ и правка договора | C9: Сложная | D9: Обязательственное | E9: 2 | F9: 4 | G9: 4 | H9: 4 | I9: 0 | J9: 0 | K9: 0 | L9: 0 | M9: 0 | N9: 0
A10: 1.9 | B10: Анализ и правка договора | C10: Сложная | D10: Рекламное | E10: -2 | F10: 4 | G10: 4 | H10: 0 | I10: 0 | J10: 1 | K10: 0 | L10: 0 | M10: 0 | N10: 0
A11: 2.1 | B11: Процессуальный документ | C11: Простая | D11: Трудовое | E11: 2 | F11: 2 | G11: 2 | H11: 1 | I11: 1 | J11: 0 | K11: 0 | L11: 0 | M11: 0 | N11: 0
A12: 2.2 | B12: Процессуальный документ | C12: Простая | D12: Обязательственное | E12: 1.5 | F12: 2 | G12: 2 | H12: 2 | I12: 2 | J12: 0 | K12: 0 | L12: 0 | M12: 0 | N12: 0
A13: 2.3 | B13: Процессуальный документ | C13: Простая | D13: Рекламное | E13: 1 | F13: 2 | G13: 2 | H13: -2 | I13: 2 | J13: 0 | K13: 0 | L13: 0 | M13: 1 | N13: 0
... A29: 4.3 | B29: Консультация по кейсу | C29: Средняя | D29: Информационное | E29: 3 | F29: 2.25 | G29: 3 | H29: 3 | I29: 0 | J29: 0 | K29: 0 | L29: 0 | M29: 0 | N29: 0

Sheet По сложности
A1: Анализ по уровню сложности
A3: Средний балл (total_score)
A4: Категория | B4: NeuroLawyer | C4: GPT-4o | D4: Claude 3.5 | E4: GigaChat | F4: ConsLegal
A5: Простая | B5: =AVERAGEIFS(Данные!E$2:E$29,Данные!C$2:C$29,A5) -> 1.6363636 | C5: =AVERAGEIFS(Данные!F$2:F$29,Данные!C$2:C$29,A5) -> 1.6363636 | D5: =AVERAGEIFS(Данные!G$2:G$29,Данные!C$2:C$29,A5) -> 2 | E5: =AVERAGEIFS(Данные!H$2:H$29,Данные!C$2:C$29,A5) -> 1.5 | F5: =AVERAGEIFS(Данные!I$2:I$29,Данные!C$2:C$29,A5) -> 1.1818182
A6: Средняя | B6: =AVERAGEIFS(Данные!E$2:E$29,Данные!C$2:C$29,A6) -> 2.1346154 | C6: =AVERAGEIFS(Данные!F$2:F$29,Данные!C$2:C$29,A6) -> 1.7884615 | D6: =AVERAGEIFS(Данные!G$2:G$29,Данные!C$2:C$29,A6) -> 2.4230769 | E6: =AVERAGEIFS(Данные!H$2:H$29,Данные!C$2:C$29,A6) -> 0.75 | F6: =AVERAGEIFS(Данные!I$2:I$29,Данные!C$2:C$29,A6) -> 0.57692308
A7: Сложная | B7: =AVERAGEIFS(Данные!E$2:E$29,Данные!C$2:C$29,A7) -> -1.5 | C7: =AVERAGEIFS(Данные!F$2:F$29,Данные!C$2:C$29,A7) -> -0.5 | D7: =AVERAGEIFS(Данные!G$2:G$29,Данные!C$2:C$29,A7) -> 2.5 | E7: =AVERAGEIFS(Данные!H$2:H$29,Данные!C$2:C$29,A7) -> -4 | F7: =AVERAGEIFS(Данные!I$2:I$29,Данные!C$2:C$29,A7) -> 1
A8: ИТОГО (среднее) | B8: =AVERAGE(Данные!E$2:E$29) -> 1.4196429 | C8: =AVERAGE(Данные!F$2:F$29) -> 1.4017857 | D8: =AVERAGE(Данные!G$2:G$29) -> 2.2678571 | E8: =AVERAGE(Данные!H$2:H$29) -> 0.36607143 | F8: =AVERAGE(Данные!I$2:I$29) -> 0.875
A10: Количество задач
A11: Категория | B11: Кол-во
A12: Простая | B12: =COUNTIF(Данные!C$2:C$29,A12) -> 11
A13: Средняя | B13: =COUNTIF(Данные!C$2:C$29,A13) -> 13
A14: Сложная | B14: =COUNTIF(Данные!C$2:C$29,A14) -> 4
A16: Лучшая модель по категории
A17: Категория | B17: Лучшая модель | C17: Балл
A18: Простая | B18: =INDEX($B4:F4,MATCH(MAX(B5:F5),B5:F5,0)) -> Claude 3.5 | C18: =MAX(B5:F5) -> 2
A19: Средняя | B19: =INDEX($B4:F4,MATCH(MAX(B6:F6),B6:F6,0)) -> Claude 3.5 | C19: =MAX(B6:F6) -> 2.4230769
A20: Сложная | B20: =INDEX($B4:F4,MATCH(MAX(B7:F7),B7:F7,0)) -> Claude 3.5 | C20: =MAX(B7:F7) -> 2.5

Sheet По сфере права
A1: Анализ по сфере права
A3: Средний балл (total_score)
A4: Категория | B4: NeuroLawyer | C4: GPT-4o | D4: Claude 3.5 | E4: GigaChat | F4: ConsLegal
A5: Обязательственное | B5: =AVERAGEIFS(Данные!E$2:E$29,Данные!D$2:D$29,A5) -> 0.5 | C5: =AVERAGEIFS(Данные!F$2:F$29,Данные!D$2:D$29,A5) -> 0.5 | D5: =AVERAGEIFS(Данные!G$2:G$29,Данные!D$2:D$29,A5) -> 2 | E5: =AVERAGEIFS(Данные!H$2:H$29,Данные!D$2:D$29,A5) -> -0.8125 | F5: =AVERAGEIFS(Данные!I$2:I$29,Данные!D$2:D$29,A5) -> 1.5
A6: ЗПП | B6: =AVERAGEIFS(Данные!E$2:E$29,Данные!D$2:D$29,A6) -> 2.5 | C6: =AVERAGEIFS(Данные!F$2:F$29,Данные!D$2:D$29,A6) -> 0.91666667 | D6: =AVERAGEIFS(Данные!G$2:G$29,Данные!D$2:D$29,A6) -> 2.6666667 | E6: =AVERAGEIFS(Данные!H$2:H$29,Данные!D$2:D$29,A6) -> 0.91666667 | F6: =AVERAGEIFS(Данные!I$2:I$29,Данные!D$2:D$29,A6) -> 0.91666667
A7: Трудовое | B7: =AVERAGEIFS(Данные!E$2:E$29,Данные!D$2:D$29,A7) -> 1.6666667 | C7: =AVERAGEIFS(Данные!F$2:F$29,Данные!D$2:D$29,A7) -> 1.4583333 | D7: =AVERAGEIFS(Данные!G$2:G$29,Данные!D$2:D$29,A7) -> 2.6666667 | E7: =AVERAGEIFS(Данные!H$2:H$29,Данные!D$2:D$29,A7) -> 0.75 | F7: =AVERAGEIFS(Данные!I$2:I$29,Данные!D$2:D$29,A7) -> 0.91666667
A8: Рекламное | B8: =AVERAGEIFS(Данные!E$2:E$29,Данные!D$2:D$29,A8) -> 1.3 | C8: =AVERAGEIFS(Данные!F$2:F$29,Данные!D$2:D$29,A8) -> 2.35 | D8: =AVERAGEIFS(Данные!G$2:G$29,Данные!D$2:D$29,A8) -> 1.9 | E8: =AVERAGEIFS(Данные!H$2:H$29,Данные!D$2:D$29,A8) -> -0.3 | F8: =AVERAGEIFS(Данные!I$2:I$29,Данные!D$2:D$29,A8) -> 0.65
A9: Информационное | B9: =AVERAGEIFS(Данные!E$2:E$29,Данные!D$2:D$29,A9) -> 1.8125 | C9: =AVERAGEIFS(Данные!F$2:F$29,Данные!D$2:D$29,A9) -> 1.6875 | D9: =AVERAGEIFS(Данные!G$2:G$29,Данные!D$2:D$29,A9) -> 2.75 | E9: =AVERAGEIFS(Данные!H$2:H$29,Данные!D$2:D$29,A9) -> 2.375 | F9: =AVERAGEIFS(Данные!I$2:I$29,Данные!D$2:D$29,A9) -> -0.5
A10: ИС | B10: =AVERAGEIFS(Данные!E$2:E$29,Данные!D$2:D$29,A10) -> 2.25 | C10: =AVERAGEIFS(Данные!F$2:F$29,Данные!D$2:D$29,A10) -> 2.625 | D10: =AVERAGEIFS(Данные!G$2:G$29,Данные!D$2:D$29,A10) -> 1.5 | E10: =AVERAGEIFS(Данные!H$2:H$29,Данные!D$2:D$29,A10) -> 0.75 | F10: =AVERAGEIFS(Данные!I$2:I$29,Данные!D$2:D$29,A10) -> 1.5
A11: ИТОГО (среднее) | B11: =AVERAGE(Данные!E$2:E$29) -> 1.4196429 | C11: =AVERAGE(Данные!F$2:F$29) -> 1.4017857 | D11: =AVERAGE(Данные!G$2:G$29) -> 2.2678571 | E11: =AVERAGE(Данные!H$2:H$29) -> 0.36607143 | F11: =AVERAGE(Данные!I$2:I$29) -> 0.875
A13: Количество задач
A14: Категория | B14: Кол-во
A15: Обязательственное | B15: =COUNTIF(Данные!D$2:D$29,A15) -> 8
A16: ЗПП | B16: =COUNTIF(Данные!D$2:D$29,A16) -> 3
A17: Трудовое | B17: =COUNTIF(Данные!D$2:D$29,A17) -> 6
A18: Рекламное | B18: =COUNTIF(Данные!D$2:D$29,A18) -> 5
A19: Информационное | B19: =COUNTIF(Данные!D$2:D$29,A19) -> 4
A20: ИС | B20: =COUNTIF(Данные!D$2:D$29,A20) -> 2
A22: Лучшая модель по категории
A23: Категория | B23: Лучшая модель | C23: Балл
A24: Обязательственное | B24: =INDEX($B4:F4,MATCH(MAX(B5:F5),B5:F5,0)) -> Claude 3.5 | C24: =MAX(B5:F5) -> 2
A25: ЗПП | B25: =INDEX($B4:F4,MATCH(MAX(B6:F6),B6:F6,0)) -> Claude 3.5 | C25: =MAX(B6:F6) -> 2.6666667
A26: Трудовое | B26: =INDEX($B4:F4,MATCH(MAX(B7:F7),B7:F7,0)) -> Claude 3.5 | C26: =MAX(B7:F7) -> 2.6666667
A27: Рекламное | B27: =INDEX($B4:F4,MATCH(MAX(B8:F8),B8:F8,0)) -> GPT-4o | C27: =MAX(B8:F8) -> 2.35
A28: Информационное | B28: =INDEX($B4:F4,MATCH(MAX(B9:F9),B9:F9,0)) -> Claude 3.5 | C28: =MAX(B9:F9) -> 2.75
A29: ИС | B29: =INDEX($B4:F4,MATCH(MAX(B10:F10),B10:F10,0)) -> GPT-4o | C29: =MAX(B10:F10) -> 2.625

Sheet По сценарию
A1: Анализ по сценарию
A3: Средний балл (total_score)
A4: Категория | B4: NeuroLawyer | C4: GPT-4o | D4: Claude 3.5 | E4: GigaChat | F4: ConsLegal
A5: Анализ и правка договора | B5: =AVERAGEIFS(Данные!E$2:E$29,Данные!B$2:B$29,A5) -> 1.5 | C5: =AVERAGEIFS(Данные!F$2:F$29,Данные!B$2:B$29,A5) -> 2.8055556 | D5: =AVERAGEIFS(Данные!G$2:G$29,Данные!B$2:B$29,A5) -> 2.5555556 | E5: =AVERAGEIFS(Данные!H$2:H$29,Данные!B$2:B$29,A5) -> 1.5555556 | F5: =AVERAGEIFS(Данные!I$2:I$29,Данные!B$2:B$29,A5) -> 1.4166667
A6: Процессуальный документ | B6: =AVERAGEIFS(Данные!E$2:E$29,Данные!B$2:B$29,A6) -> 1.03125 | C6: =AVERAGEIFS(Данные!F$2:F$29,Данные!B$2:B$29,A6) -> 1.09375 | D6: =AVERAGEIFS(Данные!G$2:G$29,Данные!B$2:B$29,A6) -> 2.75 | E6: =AVERAGEIFS(Данные!H$2:H$29,Данные!B$2:B$29,A6) -> -0.65625 | F6: =AVERAGEIFS(Данные!I$2:I$29,Данные!B$2:B$29,A6) -> 0.4375
A7: Подбор судебной практики | B7: =AVERAGEIFS(Данные!E$2:E$29,Данные!B$2:B$29,A7) -> 1.375 | C7: =AVERAGEIFS(Данные!F$2:F$29,Данные!B$2:B$29,A7) -> -0.0625 | D7: =AVERAGEIFS(Данные!G$2:G$29,Данные!B$2:B$29,A7) -> 1.4375 | E7: =AVERAGEIFS(Данные!H$2:H$29,Данные!B$2:B$29,A7) -> -0.6875 | F7: =AVERAGEIFS(Данные!I$2:I$29,Данные!B$2:B$29,A7) -> 1.03125
A8: Консультация по кейсу | B8: =AVERAGEIFS(Данные!E$2:E$29,Данные!B$2:B$29,A8) -> 2.3333333 | C8: =AVERAGEIFS(Данные!F$2:F$29,Данные!B$2:B$29,A8) -> 1.9166667 | D8: =AVERAGEIFS(Данные!G$2:G$29,Данные!B$2:B$29,A8) -> 2.3333333 | E8: =AVERAGEIFS(Данные!H$2:H$29,Данные!B$2:B$29,A8) -> 2.3333333 | F8: =AVERAGEIFS(Данные!I$2:I$29,Данные!B$2:B$29,A8) -> 0
A9: ИТОГО (среднее) | B9: =AVERAGE(Данные!E$2:E$29) -> 1.4196429 | C9: =AVERAGE(Данные!F$2:F$29) -> 1.4017857 | D9: =AVERAGE(Данные!G$2:G$29) -> 2.2678571 | E9: =AVERAGE(Данные!H$2:H$29) -> 0.36607143 | F9: =AVERAGE(Данные!I$2:I$29) -> 0.875
A11: Количество задач
A12: Категория | B12: Кол-во
A13: Анализ и правка договора | B13: =COUNTIF(Данные!B$2:B$29,A13) -> 9
A14: Процессуальный документ | B14: =COUNTIF(Данные!B$2:B$29,A14) -> 8
A15: Подбор судебной практики | B15: =COUNTIF(Данные!B$2:B$29,A15) -> 8
A16: Консультация по кейсу | B16: =COUNTIF(Данные!B$2:B$29,A16) -> 3
A18: Лучшая модель по категории
A19: Категория | B19: Лучшая модель | C19: Балл
A20: Анализ и правка договора | B20: =INDEX($B4:F4,MATCH(MAX(B5:F5),B5:F5,0)) -> GPT-4o | C20: =MAX(B5:F5) -> 2.8055556
A21: Процессуальный документ | B21: =INDEX($B4:F4,MATCH(MAX(B6:F6),B6:F6,0)) -> Claude 3.5 | C21: =MAX(B6:F6) -> 2.75
A22: Подбор судебной практики | B22: =INDEX($B4:F4,MATCH(MAX(B7:F7),B7:F7,0)) -> Claude 3.5 | C22: =MAX(B7:F7) -> 1.4375
A23: Консультация по кейсу | B23: =INDEX($B4:F4,MATCH(MAX(B8:F8),B8:F8,0)) -> NeuroLawyer | C23: =MAX(B8:F8) -> 2.3333333

Sheet Сводка
A1: СВОДНАЯ ТАБЛИЦА БЕНЧМАРКА
A3: Модель | B3: Средний балл | C3: Макс. балл | D3: Мин. балл | E3: Кол-во лучших | F3: Кол-во галлюц.
A4: NeuroLawyer | B4: =AVERAGE(Данные!E$2:E$29) -> 1.4196429 | C4: =MAX(Данные!E$2:E$29) -> 3 | D4: =MIN(Данные!E$2:E$29) -> -6 | E4: =SUMPRODUCT((Данные!E$2:E$29>=Данные!E$2:E$29)*(Данные!E$2:E$29>=Данные!F$2:F$29)*(Данные!E$2:E$29>=Данные!G$2:G$29)*(Данные!E$2:E$29>=Данные!H$2:H$29)*(Данные!E$2:E$29>=Данные!I$2:I$29)) -> 11 | F4: =SUM(Данные!J$2:J$29) -> 4
A5: GPT-4o | B5: =AVERAGE(Данные!F$2:F$29) -> 1.4017857 | C5: =MAX(Данные!F$2:F$29) -> 4 | D5: =MIN(Данные!F$2:F$29) -> -12 | E5: =SUMPRODUCT((Данные!F$2:F$29>=Данные!E$2:E$29)*(Данные!F$2:F$29>=Данные!F$2:F$29)*(Данные!F$2:F$29>=Данные!G$2:G$29)*(Данные!F$2:F$29>=Данные!H$2:H$29)*(Данные!F$2:F$29>=Данные!I$2:I$29)) -> 17 | F5: =SUM(Данные!K$2:K$29) -> 6
A6: Claude 3.5 | B6: =AVERAGE(Данные!G$2:G$29) -> 2.2678571 | C6: =MAX(Данные!G$2:G$29) -> 4 | D6: =MIN(Данные!G$2:G$29) -> -2 | E6: =SUMPRODUCT((Данные!G$2:G$29>=Данные!E$2:E$29)*(Данные!G$2:G$29>=Данные!F$2:F$29)*(Данные!G$2:G$29>=Данные!G$2:G$29)*(Данные!G$2:G$29>=Данные!H$2:H$29)*(Данные!G$2:G$29>=Данные!I$2:I$29)) -> 25 | F6: =SUM(Данные!L$2:L$29) -> 2
A7: GigaChat | B7: =AVERAGE(Данные!H$2:H$29) -> 0.36607143 | C7: =MAX(Данные!H$2:H$29) -> 4 | D7: =MIN(Данные!H$2:H$29) -> -16 | E7: =SUMPRODUCT((Данные!H$2:H$29>=Данные!E$2:E$29)*(Данные!H$2:H$29>=Данные!F$2:F$29)*(Данные!H$2:H$29>=Данные!G$2:G$29)*(Данные!H$2:H$29>=Данные!H$2:H$29)*(Данные!H$2:H$29>=Данные!I$2:I$29)) -> 12 | F7: =SUM(Данные!M$2:M$29) -> 10
A8: ConsLegal | B8: =AVERAGE(Данные!I$2:I$29) -> 0.875 | C8: =MAX(Данные!I$2:I$29) -> 4 | D8: =MIN(Данные!I$2:I$29) -> -3 | E8: =SUMPRODUCT((Данные!I$2:I$29>=Данные!E$2:E$29)*(Данные!I$2:I$29>=Данные!F$2:F$29)*(Данные!I$2:I$29>=Данные!G$2:G$29)*(Данные!I$2:I$29>=Данные!H$2:H$29)*(Данные!I$2:I$29>=Данные!I$2:I$29)) -> 11 | F8: =SUM(Данные!N$2:N$29) -> 5
A10: Рейтинг моделей (по среднему баллу):
A11: 1 место | B11: =INDEX($A$4:$A$8,MATCH(LARGE($B$4:$B$8,1),$B$4:$B$8,0)) -> Claude 3.5 | C11: =LARGE($B$4:$B$8,1) -> 2.2678571
A12: 2 место | B12: =INDEX($A$4:$A$8,MATCH(LARGE($B$4:$B$8,2),$B$4:$B$8,0)) -> NeuroLawyer | C12: =LARGE($B$4:$B$8,2) -> 1.4196429
A13: 3 место | B13: =INDEX($A$4:$A$8,MATCH(LARGE($B$4:$B$8,3),$B$4:$B$8,0)) -> GPT-4o | C13: =LARGE($B$4:$B$8,3) -> 1.4017857
A14: 4 место | B14: =INDEX($A$4:$A$8,MATCH(LARGE($B$4:$B$8,4),$B$4:$B$8,0)) -> ConsLegal | C14: =LARGE($B$4:$B$8,4) -> 0.875
A15: 5 место | B15: =INDEX($A$4:$A$8,MATCH(LARGE($B$4:$B$8,5),$B$4:$B$8,0)) -> GigaChat | C15: =LARGE($B$4:$B$8,5) -> 0.36607143
